<?xml version="1.0" encoding="UTF-8"?>
<boo_list>
	<boo id="AS12946S22">
		<operation_list>
			<operation id="100">
				<optype_id>5647</optype_id>
				<eet>120</eet>
				<input_list>
					<input>
						<part>"PN52384R50"</part>
						<quantity>1</quantity>
						<unit>"unit"</unit>
					</input>
				</input_list>
				<output>
					<part>"IP12945A01"</part>
					<quantity>1</quantity>
					<unit>"unit"</unit>
				</output>
				<next_op>103</next_op>
			</operation>
			<operation id="103">
				<optype_id>5649</optype_id>
				<eet>90</eet>
				<input_list>
					<input>
						<part>"IP12945A01"</part>
						<quantity>1</quantity>
						<unit>"unit"</unit>
					</input>
					<input>
						<part>"PN94561L67"</part>
						<quantity>5</quantity>
						<unit>"ml"</unit>
					</input>
				</input_list>
				<output>
					<part>"IP12945A02"</part>
					<quantity>1</quantity>
					<unit>"unit"</unit>
				</output>
				<next_op>112</next_op>
			</operation>
			<operation id="112">
				<optype_id>5651</optype_id>
				<eet>120</eet>
				<input_list>
					<input>
						<part>"IP12945A02"</part>
						<quantity>1</quantity>
						<unit>"unit"</unit>
					</input>
					<input>
						<part>"PN94561L67"</part>
						<quantity>5</quantity>
						<unit>"ml"</unit>
					</input>
				</input_list>
				<output>
					<part>"IP12945A03"</part>
					<quantity>1</quantity>
					<unit>"unit"</unit>
				</output>
				<next_op>114</next_op>
			</operation>
			<operation id="114">
				<optype_id>5653</optype_id>
				<eet>300</eet>
				<input_list>
					<input>
						<part>"IP12945A03"</part>
						<quantity>1</quantity>
						<unit>"unit"</unit>
					</input>
				</input_list>
				<output>
					<part>"IP12945A04"</part>
					<quantity>1</quantity>
					<unit>"unit"</unit>
				</output>
				<next_op>115</next_op>
			</operation>
			<operation id="115">
				<optype_id>5659</optype_id>
				<eet>600</eet>
				<input_list>
					<input>
						<part>"IP12945A04"</part>
						<quantity>1</quantity>
						<unit>"unit"</unit>
					</input>
					<input>
						<part>"PN18544A21"</part>
						<quantity>4</quantity>
						<unit>"unit"</unit>
					</input>
					<input>
						<part>"PN18544C21"</part>
						<quantity>2</quantity>
						<unit>"unit"</unit>
					</input>
				</input_list>
				<output>
					<part>"AS12946S22"</part>
					<quantity>1</quantity>
					<unit>"unit"</unit>
				</output>
				<next_op>None</next_op>
			</operation>
		</operation_list>
	</boo>
	<boo id="AS12947S22">
		<operation_list>
			<operation id="120">
				<optype_id>5647</optype_id>
				<eet>105</eet>
				<input_list>
					<input>
						<part>"PN52384R10"</part>
						<quantity>1</quantity>
						<unit>"unit"</unit>
					</input>
				</input_list>
				<output>
					<part>"IP12947A01"</part>
					<quantity>1</quantity>
					<unit>"unit"</unit>
				</output>
				<next_op>121</next_op>
			</operation>
			<operation id="121">
				<optype_id>5655</optype_id>
				<eet>60</eet>
				<input_list>
					<input>
						<part>"IP12947A01"</part>
						<quantity>1</quantity>
						<unit>"unit"</unit>
					</input>
					<input>
						<part>"PN94561L67"</part>
						<quantity>5</quantity>
						<unit>"ml"</unit>
					</input>
				</input_list>
				<output>
					<part>"IP12947A02"</part>
					<quantity>1</quantity>
					<unit>"unit"</unit>
				</output>
				<next_op>122</next_op>
			</operation>
			<operation id="122">
				<optype_id>5657</optype_id>
				<eet>240</eet>
				<input_list>
					<input>
						<part>"IP12947A02"</part>
						<quantity>1</quantity>
						<unit>"unit"</unit>
					</input>
				</input_list>
				<output>
					<part>"IP12947A03"</part>
					<quantity>1</quantity>
					<unit>"unit"</unit>
				</output>
				<next_op>123</next_op>
			</operation>
			<operation id="123">
				<optype_id>5661</optype_id>
				<eet>150</eet>
				<input_list>
					<input>
						<part>"IP12947A03"</part>
						<quantity>1</quantity>
						<unit>"unit"</unit>
					</input>
					<input>
						<part>"PN18324C54"</part>
						<quantity>1</quantity>
						<unit>"unit"</unit>
					</input>
					<input>
						<part>"PN12344A21"</part>
						<quantity>3</quantity>
						<unit>"unit"</unit>
					</input>
				</input_list>
				<output>
					<part>"IP12947A04"</part>
					<quantity>1</quantity>
					<unit>"unit"</unit>
				</output>
				<next_op>124</next_op>
			</operation>
			<operation id="124">
				<optype_id>5667</optype_id>
				<eet>1200</eet>
				<input_list>
					<input>
						<part>"IP12947A04"</part>
						<quantity>1</quantity>
						<unit>"unit"</unit>
					</input>
				</input_list>
				<output>
					<part>"AS12947S22"</part>
					<quantity>1</quantity>
					<unit>"unit"</unit>
				</output>
				<next_op>None</next_op>
			</operation>
		</operation_list>
	</boo>
	<boo id="AS12945S22">
		<operation_list>
			<operation id="130">
				<optype_id>5663</optype_id>
				<eet>240</eet>
				<input_list>
					<input>
						<part>"AS12947S22"</part>
						<quantity>1</quantity>
						<unit>"unit"</unit>
					</input>
					<input>
						<part>"AS12946S22"</part>
						<quantity>1</quantity>
						<unit>"unit"</unit>
					</input>
				</input_list>
				<output>
					<part>"AS12945S22"</part>
					<quantity>1</quantity>
					<unit>"unit"</unit>
				</output>
				<next_op>None</next_op>
			</operation>
		</operation_list>
	</boo>
	<boo id="AS12946S20">
		<operation_list>
			<operation id="150">
				<optype_id>5647</optype_id>
				<eet>120</eet>
				<input_list>
					<input>
						<part>"PN52384R50"</part>
						<quantity>1</quantity>
						<unit>"unit"</unit>
					</input>
				</input_list>
				<output>
					<part>"IP12945A01"</part>
					<quantity>1</quantity>
					<unit>"unit"</unit>
				</output>
				<next_op>151</next_op>
			</operation>
			<operation id="151">
				<optype_id>5649</optype_id>
				<eet>90</eet>
				<input_list>
					<input>
						<part>"IP12945A01"</part>
						<quantity>1</quantity>
						<unit>"unit"</unit>
					</input>
					<input>
						<part>"PN94561L67"</part>
						<quantity>5</quantity>
						<unit>"ml"</unit>
					</input>
				</input_list>
				<output>
					<part>"IP12945A32"</part>
					<quantity>1</quantity>
					<unit>"unit"</unit>
				</output>
				<next_op>152</next_op>
			</operation>
			<operation id="152">
				<optype_id>5651</optype_id>
				<eet>120</eet>
				<input_list>
					<input>
						<part>"IP12945A32"</part>
						<quantity>1</quantity>
						<unit>"unit"</unit>
					</input>
					<input>
						<part>"PN94561L67"</part>
						<quantity>5</quantity>
						<unit>"ml"</unit>
					</input>
				</input_list>
				<output>
					<part>"IP12945A33"</part>
					<quantity>1</quantity>
					<unit>"unit"</unit>
				</output>
				<next_op>153</next_op>
			</operation>
			<operation id="153">
				<optype_id>5653</optype_id>
				<eet>320</eet>
				<input_list>
					<input>
						<part>"IP12945A33"</part>
						<quantity>1</quantity>
						<unit>"unit"</unit>
					</input>
				</input_list>
				<output>
					<part>"IP12945A34"</part>
					<quantity>1</quantity>
					<unit>"unit"</unit>
				</output>
				<next_op>154</next_op>
			</operation>
			<operation id="154">
				<optype_id>5659</optype_id>
				<eet>600</eet>
				<input_list>
					<input>
						<part>"IP12945A34"</part>
						<quantity>1</quantity>
						<unit>"unit"</unit>
					</input>
					<input>
						<part>"PN18544C21"</part>
						<quantity>2</quantity>
						<unit>"unit"</unit>
					</input>
					<input>
						<part>"PN18544A21"</part>
						<quantity>4</quantity>
						<unit>"unit"</unit>
					</input>
				</input_list>
				<output>
					<part>"AS12946S20"</part>
					<quantity>1</quantity>
					<unit>"unit"</unit>
				</output>
				<next_op>None</next_op>
			</operation>
		</operation_list>
	</boo>
	<boo id="AS12947S20">
		<operation_list>
			<operation id="160">
				<optype_id>5647</optype_id>
				<eet>90</eet>
				<input_list>
					<input>
						<part>"PN52384R10"</part>
						<quantity>1</quantity>
						<unit>"unit"</unit>
					</input>
				</input_list>
				<output>
					<part>"IP12947A01"</part>
					<quantity>1</quantity>
					<unit>"unit"</unit>
				</output>
				<next_op>161</next_op>
			</operation>
			<operation id="161">
				<optype_id>5655</optype_id>
				<eet>60</eet>
				<input_list>
					<input>
						<part>"IP12947A01"</part>
						<quantity>1</quantity>
						<unit>"unit"</unit>
					</input>
					<input>
						<part>"PN94561L67"</part>
						<quantity>5</quantity>
						<unit>"ml"</unit>
					</input>
				</input_list>
				<output>
					<part>"IP12947A32"</part>
					<quantity>1</quantity>
					<unit>"unit"</unit>
				</output>
				<next_op>162</next_op>
			</operation>
			<operation id="162">
				<optype_id>5657</optype_id>
				<eet>240</eet>
				<input_list>
					<input>
						<part>"IP12947A32"</part>
						<quantity>1</quantity>
						<unit>"unit"</unit>
					</input>
				</input_list>
				<output>
					<part>"IP12947A33"</part>
					<quantity>1</quantity>
					<unit>"unit"</unit>
				</output>
				<next_op>163</next_op>
			</operation>
			<operation id="163">
				<optype_id>5661</optype_id>
				<eet>150</eet>
				<input_list>
					<input>
						<part>"IP12947A33"</part>
						<quantity>1</quantity>
						<unit>"unit"</unit>
					</input>
					<input>
						<part>"PN18324C51"</part>
						<quantity>1</quantity>
						<unit>"unit"</unit>
					</input>
					<input>
						<part>"PN12344A21"</part>
						<quantity>3</quantity>
						<unit>"unit"</unit>
					</input>
				</input_list>
				<output>
					<part>"IP12947A34"</part>
					<quantity>1</quantity>
					<unit>"unit"</unit>
				</output>
				<next_op>164</next_op>
			</operation>
			<operation id="164">
				<optype_id>5667</optype_id>
				<eet>1200</eet>
				<input_list>
					<input>
						<part>"IP12947A34"</part>
						<quantity>1</quantity>
						<unit>"unit"</unit>
					</input>
				</input_list>
				<output>
					<part>"AS12947S20"</part>
					<quantity>1</quantity>
					<unit>"unit"</unit>
				</output>
				<next_op>None</next_op>
			</operation>
		</operation_list>
	</boo>
	<boo id="AS12945S20">
		<operation_list>
			<operation id="170">
				<optype_id>5663</optype_id>
				<eet>240</eet>
				<input_list>
					<input>
						<part>"AS12946S20"</part>
						<quantity>1</quantity>
						<unit>"unit"</unit>
					</input>
					<input>
						<part>"AS12947S20"</part>
						<quantity>1</quantity>
						<unit>"unit"</unit>
					</input>
				</input_list>
				<output>
					<part>"AS12945S20"</part>
					<quantity>1</quantity>
					<unit>"unit"</unit>
				</output>
				<next_op>None</next_op>
			</operation>
		</operation_list>
	</boo>
</boo_list>


