ActivKey,descr,duration,duration-unit,tot-cost,predecessors
A1,Start project,1,days,0,
A2,Task A2,2,days,5536,A1
A3,Task A3,9,days,6600,"A1,A2"
A4,Task A4,1,days,6337,A2
A5,Task A5,8,days,4861,"A2,A3,A1"
A6,Task A6,8,days,5452,"A4,A1,A2"
A7,Task A7,9,days,4397,"A3,A2"
A8,Task A8,7,days,6419,A1
A9,Task A9,10,days,8471,"A3,A4,A2"
A10,Task A10,5,days,1450,"A1,A9,A7"
A11,Task A11,10,days,2927,"A1,A4"
A12,Task A12,1,days,6827,"A4,A11,A8"
A13,Task A13,10,days,8248,"A9,A8"
A14,Task A14,9,days,5588,"A2,A9"
A15,Task A15,9,days,3404,"A2,A13"
A16,Task A16,3,days,6043,"A15,A2"
A17,Task A17,10,days,1891,"A9,A1,A11"
A18,Task A18,10,days,3169,"A3,A14,A6"
A19,Task A19,10,days,5423,A6
A20,Task A20,3,days,1330,"A19,A13"
A21,Task A21,5,days,6760,"A10,A2,A3"
A22,Task A22,9,days,7631,A10
A23,Task A23,7,days,2551,A13
A24,Task A24,5,days,8556,A13
A25,Task A25,4,days,7986,"A12,A8,A6"
A26,Task A26,6,days,9096,A18
A27,Task A27,2,days,4361,"A16,A11,A1"
A28,Task A28,4,days,4417,"A24,A8,A17"
A29,Task A29,10,days,9070,"A25,A14"
A30,Task A30,3,days,6141,A16
A31,Task A31,3,days,6801,"A16,A24"
A32,Task A32,10,days,4310,"A1,A11"
A33,Task A33,3,days,8830,"A27,A4,A19"
A34,Task A34,1,days,8359,"A32,A10,A1"
A35,Task A35,7,days,6835,A20
A36,Task A36,9,days,7701,"A17,A29"
A37,Task A37,10,days,8736,"A34,A26,A18"
A38,Task A38,6,days,4511,"A33,A17"
A39,Task A39,1,days,3711,"A3,A13,A36"
A40,Task A40,1,days,3764,"A23,A8"
A41,Task A41,10,days,6588,"A15,A20,A30"
A42,Task A42,10,days,5958,A41
A43,Task A43,9,days,4257,A11
A44,Task A44,1,days,7543,"A42,A24"
A45,Task A45,3,days,2048,"A25,A11,A7"
A46,Task A46,4,days,1302,"A23,A25"
A47,Task A47,10,days,6923,A19
A48,Task A48,7,days,8492,"A47,A27,A8"
A49,Task A49,8,days,2117,"A37,A10"
A50,Task A50,5,days,9965,A47
A51,Task A51,7,days,9777,A18
A52,Task A52,8,days,6680,A6
A53,Task A53,3,days,6568,"A48,A9,A13"
A54,Task A54,2,days,8837,"A34,A24,A18"
A55,Task A55,10,days,2874,"A32,A33,A42"
A56,Task A56,10,days,6793,"A2,A37"
A57,Task A57,7,days,9485,"A53,A17"
A58,Task A58,5,days,2782,"A8,A2"
A59,Task A59,5,days,2479,"A28,A56,A3"
A60,Task A60,6,days,4102,"A55,A10,A40"
A61,Task A61,2,days,9576,A45
A62,Task A62,1,days,9708,"A20,A19"
A63,Task A63,4,days,2756,"A23,A54"
A64,Task A64,1,days,5314,A22
A65,Task A65,6,days,7618,"A6,A60"
A66,Task A66,1,days,2903,A52
A67,Task A67,9,days,9276,"A32,A28,A11"
A68,Task A68,5,days,4160,A61
A69,Task A69,2,days,3935,"A28,A25"
A70,Task A70,1,days,3394,A48
A71,Task A71,1,days,3495,"A33,A7,A41"
A72,Task A72,5,days,3390,A24
A73,Task A73,5,days,3358,"A58,A65"
A74,Task A74,6,days,2307,A9
A75,Task A75,4,days,6870,A38
A76,Task A76,7,days,8296,"A6,A52,A14"
A77,Task A77,7,days,1873,"A9,A30,A42"
A78,Task A78,9,days,4001,A51
A79,Task A79,2,days,8713,"A3,A68"
A80,Task A80,7,days,8661,"A64,A18"
A81,Task A81,9,days,9788,A64
A82,Task A82,7,days,4033,A13
A83,Task A83,3,days,3520,"A34,A11,A12"
A84,Task A84,2,days,2779,"A67,A54"
A85,Task A85,1,days,1705,"A12,A56"
A86,Task A86,4,days,2341,"A62,A61"
A87,Task A87,9,days,6638,A76
A88,Task A88,4,days,8768,"A38,A51,A15"
A89,Task A89,1,days,8559,"A33,A82,A3"
A90,Task A90,6,days,2815,"A85,A18,A83"
A91,Task A91,9,days,4111,"A37,A31"
A92,Task A92,1,days,3338,"A39,A50,A33"
A93,Task A93,10,days,5718,"A6,A28,A18"
A94,Task A94,10,days,2531,A50
A95,Task A95,9,days,3358,"A7,A65,A63"
A96,Task A96,3,days,3304,"A59,A41"
A97,Task A97,10,days,8626,A55
A98,Task A98,7,days,9034,"A1,A90"
A99,Task A99,5,days,1774,A65
A100,Task A100,6,days,9571,"A37,A15"
A101,Task A101,3,days,9827,A20
A102,Task A102,2,days,4464,A47
A103,Task A103,7,days,8340,"A38,A47"
A104,Task A104,10,days,1669,"A21,A79,A29"
A105,Task A105,1,days,9980,"A13,A86"
A106,Task A106,3,days,3764,A30
A107,Task A107,7,days,5224,"A60,A44"
A108,Task A108,2,days,6249,A76
A109,Task A109,3,days,5067,"A87,A55"
A110,Task A110,1,days,3684,"A6,A106"
A111,Task A111,1,days,5139,"A39,A56,A71"
A112,Task A112,4,days,3567,"A61,A93"
A113,Task A113,7,days,3432,A71
A114,Task A114,6,days,7334,A36
A115,Task A115,1,days,3423,"A99,A102,A79"
A116,Task A116,3,days,3349,"A53,A52"
A117,Task A117,5,days,4102,"A51,A87,A44"
A118,Task A118,1,days,7347,"A85,A1,A94"
A119,Task A119,4,days,7706,"A82,A108,A34"
A120,Task A120,4,days,8547,A58
A121,Task A121,6,days,3148,"A88,A103"
A122,Task A122,1,days,1212,A80
A123,Task A123,5,days,7144,"A32,A24"
A124,Task A124,6,days,2626,A74
A125,Task A125,8,days,2278,A97
A126,Task A126,4,days,8683,"A63,A60,A104"
A127,Task A127,9,days,1231,"A43,A95,A66"
A128,Task A128,2,days,1697,"A84,A68"
A129,Task A129,3,days,3831,"A16,A69"
A130,Task A130,1,days,7473,A70
A131,Task A131,8,days,8095,A102
A132,Task A132,9,days,2351,"A15,A21,A116"
A133,Task A133,3,days,1169,"A99,A117,A102"
A134,Task A134,9,days,3594,"A4,A35,A39"
A135,Task A135,4,days,4770,"A94,A21,A119"
A136,Task A136,1,days,3006,"A124,A73"
A137,Task A137,2,days,2482,"A34,A79,A4"
A138,Task A138,9,days,4500,A87
A139,Task A139,8,days,8486,"A14,A74,A115"
A140,Task A140,6,days,4206,A90
A141,Task A141,1,days,6311,"A36,A27"
A142,Task A142,10,days,9062,"A47,A2,A35"
A143,Task A143,5,days,8361,"A100,A114"
A144,Task A144,9,days,2245,"A64,A1,A34"
A145,Task A145,1,days,7385,"A105,A88"
A146,Task A146,6,days,2656,"A2,A132"
A147,Task A147,7,days,8659,"A121,A137"
A148,Task A148,8,days,8167,"A103,A129,A29"
A149,Task A149,6,days,4347,A25
A150,Task A150,4,days,2950,"A97,A24,A106"
A151,Task A151,7,days,1316,A9
A152,Task A152,6,days,8671,A4
A153,Task A153,4,days,6232,A103
A154,Task A154,5,days,7966,"A40,A13,A136"
A155,Task A155,7,days,6126,A135
A156,Task A156,7,days,5266,"A59,A49,A55"
A157,Task A157,5,days,3865,A73
A158,Task A158,9,days,6455,A128
A159,Task A159,4,days,8910,"A37,A32"
A160,Task A160,8,days,5083,A67
A161,Task A161,6,days,7290,A49
A162,Task A162,9,days,8180,A110
A163,Task A163,9,days,7268,"A41,A39,A107"
A164,Task A164,3,days,5657,"A66,A96,A84"
A165,Task A165,2,days,5461,A95
A166,Task A166,8,days,8539,"A48,A30"
A167,Task A167,10,days,6962,"A12,A83"
A168,Task A168,1,days,4344,"A89,A126,A22"
A169,Task A169,4,days,8080,"A13,A83"
A170,Task A170,8,days,3442,"A68,A34"
A171,Task A171,3,days,1791,"A6,A41"
A172,Task A172,5,days,3301,"A125,A24"
A173,Task A173,10,days,7631,A17
A174,Task A174,6,days,8199,"A88,A116,A13"
A175,Task A175,8,days,1891,A147
A176,Task A176,1,days,9460,"A135,A109,A2"
A177,Task A177,7,days,2605,A152
A178,Task A178,10,days,1190,"A49,A135,A51"
A179,Task A179,5,days,4868,"A161,A173,A57"
A180,Task A180,9,days,9291,"A136,A63"
A181,Task A181,2,days,2981,"A25,A147"
A182,Task A182,6,days,6190,A134
A183,Task A183,3,days,7846,A19
A184,Task A184,10,days,2667,A109
A185,Task A185,5,days,3973,"A137,A81,A109"
A186,Task A186,3,days,5266,A92
A187,Task A187,2,days,9485,A75
A188,Task A188,6,days,9091,"A76,A134"
A189,Task A189,8,days,6479,"A13,A141,A154"
A190,Task A190,4,days,9997,A26
A191,Task A191,10,days,3224,"A1,A89,A190"
A192,Task A192,7,days,7753,A119
A193,Task A193,10,days,1771,"A188,A11,A87"
A194,Task A194,3,days,4397,A124
A195,Task A195,1,days,7631,A57
A196,Task A196,5,days,2491,A191
A197,Task A197,10,days,9179,A12
A198,Task A198,3,days,9592,"A143,A11"
A199,Task A199,10,days,3122,"A59,A102"
A200,Task A200,1,days,4156,"A12,A25"
A201,Task A201,3,days,2829,"A189,A167"
A202,Task A202,10,days,4728,"A188,A4,A198"
A203,Task A203,4,days,5277,"A18,A158"
A204,Task A204,5,days,1761,"A22,A174"
A205,Task A205,4,days,8261,A74
A206,Task A206,4,days,9491,"A137,A91,A60"
A207,Task A207,10,days,1101,"A168,A18,A92"
A208,Task A208,3,days,6582,"A197,A104,A33"
A209,Task A209,5,days,1349,"A14,A88"
A210,Task A210,6,days,5134,"A100,A154"
A211,Task A211,5,days,7154,A3
A212,Task A212,2,days,9922,"A23,A183,A3"
A213,Task A213,6,days,1119,"A127,A199"
A214,Task A214,5,days,8532,"A8,A197,A19"
A215,Task A215,2,days,1322,A152
A216,Task A216,8,days,1578,A60
A217,Task A217,3,days,7701,"A129,A169"
A218,Task A218,1,days,9431,"A109,A88,A114"
A219,Task A219,5,days,4953,A208
A220,Task A220,1,days,7390,"A22,A51,A60"
A221,Task A221,10,days,8676,"A164,A122,A137"
A222,Task A222,8,days,6869,"A11,A63"
A223,Task A223,5,days,3395,A10
A224,Task A224,1,days,9160,"A149,A56,A131"
A225,Task A225,8,days,8575,"A203,A94,A107"
A226,Task A226,3,days,2316,A165
A227,Task A227,8,days,2729,"A85,A6,A55"
A228,Task A228,10,days,3590,"A113,A174"
A229,Task A229,6,days,1917,"A134,A125"
A230,Task A230,3,days,4307,"A63,A101"
A231,Task A231,2,days,5650,"A24,A66"
A232,Task A232,3,days,9798,"A120,A127"
A233,Task A233,7,days,5391,A127
A234,Task A234,4,days,2113,A40
A235,Task A235,10,days,8504,A159
A236,Task A236,8,days,1730,"A107,A109"
A237,Task A237,7,days,2528,"A60,A80,A159"
A238,Task A238,9,days,8369,A235
A239,Task A239,5,days,2522,"A75,A131"
A240,Task A240,6,days,6834,"A204,A142"
A241,Task A241,9,days,8452,"A240,A51,A63"
A242,Task A242,1,days,7815,"A15,A224,A68"
A243,Task A243,9,days,1803,"A44,A150"
A244,Task A244,5,days,4215,"A24,A49,A20"
A245,Task A245,5,days,2094,"A99,A209,A80"
A246,Task A246,6,days,7673,A13
A247,Task A247,9,days,5025,"A239,A20,A126"
A248,Task A248,7,days,9694,A25
A249,Task A249,3,days,6734,"A24,A172,A225"
A250,Task A250,6,days,9393,"A194,A159,A215"
A251,Task A251,3,days,4539,"A69,A88,A66"
A252,Task A252,4,days,9884,"A174,A22"
A253,Task A253,2,days,3410,A70
A254,Task A254,1,days,1753,"A197,A188,A2"
A255,Task A255,2,days,3870,A113
A256,Task A256,4,days,7220,"A160,A115,A110"
A257,Task A257,3,days,6667,"A68,A241"
A258,Task A258,1,days,4890,"A232,A34"
A259,Task A259,4,days,2369,"A158,A103"
A260,Task A260,8,days,6607,A30
A261,Task A261,9,days,3472,A106
A262,Task A262,4,days,6913,A167
A263,Task A263,5,days,9319,"A225,A127,A138"
A264,Task A264,4,days,2790,"A184,A173,A195"
A265,Task A265,4,days,1927,"A88,A209,A191"
A266,Task A266,2,days,2324,"A86,A136,A75"
A267,Task A267,4,days,3588,"A163,A58"
A268,Task A268,4,days,7179,"A226,A162"
A269,Task A269,9,days,9409,"A28,A133,A74"
A270,Task A270,7,days,1897,A257
A271,Task A271,4,days,1272,"A106,A183"
A272,Task A272,1,days,4288,"A234,A69,A155"
A273,Task A273,3,days,9129,"A220,A181,A88"
A274,Task A274,3,days,9070,A21
A275,Task A275,3,days,9923,A32
A276,Task A276,3,days,8975,"A196,A14"
A277,Task A277,5,days,3272,A118
A278,Task A278,2,days,7139,A120
A279,Task A279,6,days,7614,"A254,A148"
A280,Task A280,3,days,5469,A19
A281,Task A281,8,days,9686,A12
A282,Task A282,6,days,1019,A11
A283,Task A283,3,days,9795,"A162,A221,A70"
A284,Task A284,2,days,1497,"A168,A198,A170"
A285,Task A285,6,days,6556,"A124,A148,A99"
A286,Task A286,2,days,1575,A283
A287,Task A287,6,days,8759,A235
A288,Task A288,4,days,4888,"A185,A207,A140"
A289,Task A289,2,days,5288,A36
A290,Task A290,2,days,3589,"A208,A13"
A291,Task A291,3,days,1334,A114
A292,Task A292,4,days,1484,"A181,A224,A77"
A293,Task A293,6,days,3931,A183
A294,Task A294,7,days,4974,"A233,A133,A188"
A295,Task A295,7,days,9253,"A7,A47,A129"
A296,Task A296,9,days,5932,A272
A297,Task A297,7,days,7619,"A189,A194,A266"
A298,Task A298,2,days,8161,"A138,A181"
A299,Task A299,9,days,5171,"A131,A115"
A300,Task A300,10,days,4856,"A229,A299,A298"
A301,Task A301,7,days,9913,"A283,A142,A46"
A302,Task A302,2,days,1387,"A86,A249"
A303,Task A303,3,days,5853,"A134,A34,A243"
A304,Task A304,7,days,8081,"A214,A273,A199"
A305,Task A305,5,days,2778,A302
A306,Task A306,7,days,5628,A250
A307,Task A307,10,days,2446,"A255,A73"
A308,Task A308,7,days,4355,A195
A309,Task A309,6,days,8077,"A169,A249"
A310,Task A310,7,days,2240,"A153,A23"
A311,Task A311,2,days,8243,A106
A312,Task A312,3,days,3663,A167
A313,Task A313,5,days,7716,"A157,A218"
A314,Task A314,7,days,3340,A272
A315,Task A315,5,days,8251,"A244,A88"
A316,Task A316,9,days,9316,"A251,A184"
A317,Task A317,3,days,5381,"A31,A252"
A318,Task A318,5,days,2315,"A156,A312"
A319,Task A319,8,days,8852,A247
A320,Task A320,3,days,1319,"A271,A4"
A321,Task A321,4,days,6178,A261
A322,Task A322,5,days,4308,A321
A323,Task A323,1,days,4406,"A149,A234"
A324,Task A324,2,days,8543,A168
A325,Task A325,4,days,2327,"A134,A301"
A326,Task A326,4,days,4684,A223
A327,Task A327,6,days,3396,"A214,A148"
A328,Task A328,9,days,1142,"A39,A228,A33"
A329,Task A329,5,days,9852,"A64,A27,A39"
A330,Task A330,1,days,6628,A28
A331,Task A331,7,days,1881,"A68,A193"
A332,Task A332,1,days,9121,"A327,A38"
A333,Task A333,8,days,6937,A50
A334,Task A334,8,days,5688,"A9,A294,A127"
A335,Task A335,3,days,4928,"A265,A99"
A336,Task A336,4,days,1252,"A219,A239"
A337,Task A337,2,days,8539,A331
A338,Task A338,3,days,6107,"A134,A185"
A339,Task A339,5,days,9645,A110
A340,Task A340,5,days,6249,A306
A341,Task A341,6,days,8204,"A112,A160"
A342,Task A342,6,days,9729,A85
A343,Task A343,2,days,7010,"A21,A186,A255"
A344,Task A344,5,days,7590,"A46,A333,A102"
A345,Task A345,5,days,1934,"A65,A254"
A346,Task A346,9,days,3368,"A12,A130"
A347,Task A347,2,days,2900,A95
A348,Task A348,9,days,8089,"A49,A122"
A349,Task A349,2,days,1659,A15
A350,Task A350,3,days,1926,"A331,A159"
A351,Task A351,3,days,9101,"A110,A181,A325"
A352,Task A352,3,days,9975,A213
A353,Task A353,10,days,6130,A123
A354,Task A354,2,days,6326,"A112,A209,A317"
A355,Task A355,8,days,5125,A212
A356,Task A356,6,days,6633,"A182,A12,A204"
A357,Task A357,6,days,5185,"A325,A89,A175"
A358,Task A358,8,days,4150,"A101,A14,A178"
A359,Task A359,10,days,9731,"A17,A27"
A360,Task A360,5,days,8260,A162
A361,Task A361,2,days,3184,A158
A362,Task A362,1,days,1105,"A54,A100"
A363,Task A363,3,days,8666,"A98,A204"
A364,Task A364,9,days,1794,"A222,A165"
A365,Task A365,1,days,9386,A294
A366,Task A366,1,days,9706,A214
A367,Task A367,10,days,6478,"A163,A8,A221"
A368,Task A368,1,days,9593,A151
A369,Task A369,10,days,8847,"A288,A300"
A370,Task A370,5,days,7910,"A218,A190"
A371,Task A371,5,days,9406,"A20,A40"
A372,Task A372,2,days,3565,"A278,A220"
A373,Task A373,1,days,4512,A257
A374,Task A374,7,days,9290,"A126,A312,A170"
A375,Task A375,1,days,3190,"A319,A309"
A376,Task A376,8,days,8497,"A31,A320,A150"
A377,Task A377,2,days,5890,"A133,A85"
A378,Task A378,4,days,4203,A370
A379,Task A379,1,days,4434,A103
A380,Task A380,10,days,5078,A342
A381,Task A381,1,days,1929,"A43,A85,A300"
A382,Task A382,5,days,8569,"A316,A357"
A383,Task A383,1,days,8082,"A138,A241"
A384,Task A384,2,days,7570,"A351,A339,A191"
A385,Task A385,1,days,4768,"A43,A226,A306"
A386,Task A386,5,days,8116,"A114,A86,A16"
A387,Task A387,1,days,4959,"A206,A36"
A388,Task A388,7,days,4794,"A125,A342,A365"
A389,Task A389,10,days,5732,"A304,A272"
A390,Task A390,9,days,9415,"A53,A154"
A391,Task A391,9,days,5629,"A119,A195"
A392,Task A392,2,days,7344,A344
A393,Task A393,3,days,2184,"A124,A331"
A394,Task A394,4,days,9135,A323
A395,Task A395,1,days,8427,"A394,A247,A189"
A396,Task A396,2,days,2117,A241
A397,Task A397,4,days,8515,A203
A398,Task A398,9,days,3274,"A115,A166"
A399,Task A399,2,days,7416,A83
A400,Task A400,2,days,8195,A391
A401,Task A401,4,days,9029,"A181,A21,A338"
A402,Task A402,10,days,1867,"A241,A336"
A403,Task A403,10,days,3121,"A77,A129,A317"
A404,Task A404,8,days,8013,"A4,A121"
A405,Task A405,5,days,4984,A30
A406,Task A406,6,days,6873,"A361,A85,A375"
A407,Task A407,8,days,8196,A116
A408,Task A408,10,days,7022,"A318,A298,A169"
A409,Task A409,6,days,3868,"A181,A67,A71"
A410,Task A410,6,days,3505,"A136,A35,A309"
A411,Task A411,9,days,7812,"A142,A383"
A412,Task A412,10,days,9165,"A189,A401,A403"
A413,Task A413,6,days,4747,"A91,A162"
A414,Task A414,1,days,6256,"A356,A44"
A415,Task A415,2,days,5655,"A273,A202,A149"
A416,Task A416,9,days,8341,"A139,A235,A41"
A417,Task A417,6,days,9150,"A70,A151,A349"
A418,Task A418,1,days,7540,A150
A419,Task A419,6,days,8479,A75
A420,Task A420,1,days,6520,"A285,A302,A91"
A421,Task A421,1,days,2845,"A247,A264"
A422,Task A422,5,days,9541,"A402,A394,A211"
A423,Task A423,1,days,5527,A416
A424,Task A424,10,days,1109,"A386,A19"
A425,Task A425,2,days,7911,A369
A426,Task A426,5,days,8760,"A419,A171"
A427,Task A427,7,days,8059,"A13,A117,A302"
A428,Task A428,5,days,3382,"A64,A6"
A429,Task A429,1,days,7610,"A4,A194,A293"
A430,Task A430,4,days,4851,"A346,A308"
A431,Task A431,3,days,2690,"A352,A23,A353"
A432,Task A432,3,days,2407,A256
A433,Task A433,1,days,8076,A274
A434,Task A434,8,days,7743,"A101,A369,A281"
A435,Task A435,1,days,4753,A328
A436,Task A436,9,days,6821,"A76,A83"
A437,Task A437,8,days,8482,"A416,A171"
A438,Task A438,6,days,8070,"A30,A250,A225"
A439,Task A439,10,days,2275,"A383,A110,A15"
A440,Task A440,1,days,2284,"A406,A301"
A441,Task A441,3,days,6509,"A16,A216,A229"
A442,Task A442,8,days,7178,"A343,A364,A424"
A443,Task A443,10,days,8327,"A114,A234,A363"
A444,Task A444,8,days,1182,"A228,A306"
A445,Task A445,9,days,1312,"A421,A237"
A446,Task A446,7,days,2543,"A271,A279,A183"
A447,Task A447,4,days,5800,"A409,A39,A237"
A448,Task A448,10,days,4111,"A232,A206"
A449,Task A449,4,days,5181,"A424,A219"
A450,Task A450,9,days,4215,"A244,A226"
A451,Task A451,8,days,1462,"A450,A293,A177"
A452,Task A452,5,days,7923,A428
A453,Task A453,1,days,3089,A397
A454,Task A454,2,days,8716,"A208,A19,A38"
A455,Task A455,3,days,3441,"A401,A225,A399"
A456,Task A456,6,days,4699,"A321,A276,A266"
A457,Task A457,8,days,9710,A314
A458,Task A458,2,days,1455,"A99,A139"
A459,Task A459,1,days,8694,A157
A460,Task A460,10,days,8681,"A200,A372,A376"
A461,Task A461,2,days,2118,A210
A462,Task A462,1,days,9337,A344
A463,Task A463,9,days,2042,A200
A464,Task A464,6,days,5036,"A413,A329,A48"
A465,Task A465,3,days,5297,"A279,A187,A243"
A466,Task A466,5,days,2634,"A31,A275"
A467,Task A467,1,days,6003,A276
A468,Task A468,1,days,3753,A179
A469,Task A469,9,days,4650,"A255,A188,A349"
A470,Task A470,6,days,4009,"A226,A380,A410"
A471,Task A471,3,days,3461,"A279,A375"
A472,Task A472,3,days,5700,A387
A473,Task A473,1,days,4961,A391
A474,Task A474,2,days,4751,"A166,A40"
A475,Task A475,7,days,7204,"A113,A338,A124"
A476,Task A476,9,days,6601,"A59,A186,A4"
A477,Task A477,10,days,1863,"A263,A91,A410"
A478,Task A478,9,days,5924,"A199,A6"
A479,Task A479,6,days,4249,"A458,A42,A392"
A480,Task A480,9,days,6867,"A362,A405"
A481,Task A481,5,days,9354,A72
A482,Task A482,6,days,5774,"A12,A332,A284"
A483,Task A483,1,days,2811,"A288,A293"
A484,Task A484,9,days,1513,A122
A485,Task A485,9,days,7087,"A349,A338"
A486,Task A486,7,days,6288,"A258,A168,A134"
A487,Task A487,10,days,3191,"A284,A186"
A488,Task A488,9,days,8377,"A427,A454,A346"
A489,Task A489,4,days,2123,"A206,A344"
A490,Task A490,9,days,1983,"A379,A361,A207"
A491,Task A491,10,days,5574,"A489,A35"
A492,Task A492,5,days,5630,A327
A493,Task A493,6,days,2876,A338
A494,Task A494,5,days,2818,A487
A495,Task A495,8,days,2623,"A419,A461"
A496,Task A496,9,days,2496,"A443,A381"
A497,Task A497,8,days,6959,"A157,A265,A357"
A498,Task A498,4,days,8642,"A460,A298"
A499,Task A499,4,days,8008,"A242,A320"
A500,Task A500,3,days,4659,"A236,A154"
A501,Task A501,4,days,3410,"A422,A190"
A502,Task A502,2,days,6186,A399
A503,Task A503,6,days,1960,"A291,A96,A344"
A504,Task A504,1,days,7160,"A172,A363"
A505,Task A505,5,days,9202,"A50,A311,A154"
A506,Task A506,2,days,7908,"A65,A33"
A507,Task A507,10,days,2456,A442
A508,Task A508,2,days,4283,"A37,A406,A259"
A509,Task A509,2,days,3149,A300
A510,Task A510,9,days,5256,"A154,A438,A483"
A511,Task A511,3,days,1654,"A41,A328"
A512,Task A512,2,days,2250,"A308,A157,A298"
A513,Task A513,5,days,5378,"A491,A209,A27"
A514,Task A514,2,days,9321,A37
A515,Task A515,2,days,1874,A173
A516,Task A516,10,days,8502,A76
A517,Task A517,1,days,1922,A273
A518,Task A518,8,days,4321,"A372,A432,A44"
A519,Task A519,1,days,4978,"A327,A40"
A520,Task A520,9,days,8750,"A453,A49"
A521,Task A521,3,days,8872,"A515,A99,A231"
A522,Task A522,3,days,1307,"A332,A420"
A523,Task A523,8,days,4561,A440
A524,Task A524,4,days,5169,A21
A525,Task A525,2,days,4283,"A40,A36,A218"
A526,Task A526,2,days,9265,A247
A527,Task A527,4,days,5789,A81
A528,Task A528,4,days,4307,A154
A529,Task A529,6,days,2211,"A363,A85,A71"
A530,Task A530,2,days,1281,"A472,A178"
A531,Task A531,2,days,3234,A56
A532,Task A532,4,days,6657,A331
A533,Task A533,6,days,2150,A210
A534,Task A534,10,days,3577,"A345,A167"
A535,Task A535,8,days,6560,A310
A536,Task A536,8,days,4527,"A440,A350,A292"
A537,Task A537,9,days,2081,A535
A538,Task A538,3,days,8265,A353
A539,Task A539,10,days,3279,"A228,A523,A219"
A540,Task A540,4,days,9521,"A175,A53,A427"
A541,Task A541,3,days,7325,"A122,A448,A62"
A542,Task A542,4,days,2528,A10
A543,Task A543,8,days,3744,A386
A544,Task A544,8,days,9259,"A220,A4,A50"
A545,Task A545,2,days,3168,A476
A546,Task A546,8,days,4756,"A532,A298"
A547,Task A547,2,days,2652,"A49,A546"
A548,Task A548,5,days,3066,"A542,A247"
A549,Task A549,3,days,3780,A366
A550,Task A550,3,days,7242,A5
A551,Task A551,7,days,7329,"A522,A256"
A552,Task A552,7,days,6336,"A381,A54"
A553,Task A553,4,days,5378,"A449,A164,A59"
A554,Task A554,6,days,9747,"A548,A462"
A555,Task A555,6,days,9165,"A496,A171,A528"
A556,Task A556,5,days,5071,A68
A557,Task A557,4,days,2305,"A24,A189"
A558,Task A558,2,days,8148,"A229,A219"
A559,Task A559,3,days,6180,"A430,A55,A276"
A560,Task A560,1,days,4177,A18
A561,Task A561,7,days,4565,"A136,A350,A445"
A562,Task A562,1,days,9237,"A537,A209,A90"
A563,Task A563,1,days,6860,"A105,A224"
A564,Task A564,8,days,1707,"A495,A408"
A565,Task A565,10,days,6532,A497
A566,Task A566,7,days,7211,"A542,A24,A126"
A567,Task A567,6,days,5256,"A277,A13"
A568,Task A568,3,days,8782,"A409,A213"
A569,Task A569,2,days,3189,A167
A570,Task A570,2,days,3517,"A182,A340,A453"
A571,Task A571,1,days,1805,"A441,A517,A44"
A572,Task A572,1,days,4265,"A546,A89,A5"
A573,Task A573,7,days,2977,"A215,A544"
A574,Task A574,10,days,4120,A391
A575,Task A575,10,days,2587,"A382,A448"
A576,Task A576,2,days,2460,A70
A577,Task A577,9,days,2960,"A10,A536"
A578,Task A578,4,days,2013,"A352,A431,A72"
A579,Task A579,5,days,6240,"A298,A80,A441"
A580,Task A580,4,days,6429,"A288,A429,A292"
A581,Task A581,9,days,5416,A262
A582,Task A582,3,days,4274,"A276,A88,A439"
A583,Task A583,9,days,1284,"A479,A182"
A584,Task A584,2,days,5689,"A428,A127"
A585,Task A585,10,days,6416,"A300,A318,A457"
A586,Task A586,1,days,2209,"A172,A103,A232"
A587,Task A587,3,days,5148,A274
A588,Task A588,6,days,4475,A469
A589,Task A589,2,days,4751,"A528,A585,A103"
A590,Task A590,7,days,8195,"A578,A555,A549"
A591,Task A591,1,days,3371,"A222,A491,A505"
A592,Task A592,1,days,2210,A84
A593,Task A593,10,days,3358,"A307,A234,A175"
A594,Task A594,1,days,9342,"A109,A6,A66"
A595,Task A595,1,days,1860,A190
A596,Task A596,8,days,4611,"A431,A73"
A597,Task A597,4,days,5906,"A463,A483"
A598,Task A598,1,days,9221,"A251,A441"
A599,Task A599,4,days,7115,A535
A600,Task A600,10,days,6916,A66
A601,Task A601,6,days,2560,"A273,A151"
A602,Task A602,4,days,3276,"A78,A360"
A603,Task A603,1,days,9024,"A261,A502,A333"
A604,Task A604,10,days,6882,"A99,A157"
A605,Task A605,4,days,6070,"A440,A357,A342"
A606,Task A606,1,days,5653,"A587,A304"
A607,Task A607,4,days,9735,A263
A608,Task A608,8,days,8817,"A305,A496"
A609,Task A609,2,days,8346,A438
A610,Task A610,2,days,5216,"A449,A31"
A611,Task A611,6,days,1705,"A492,A16,A448"
A612,Task A612,3,days,5872,"A413,A570"
A613,Task A613,1,days,6031,"A195,A452"
A614,Task A614,4,days,6418,A155
A615,Task A615,4,days,2187,"A23,A595,A570"
A616,Task A616,8,days,9007,"A273,A142,A491"
A617,Task A617,1,days,6889,"A92,A164,A378"
A618,Task A618,4,days,6329,"A59,A366,A525"
A619,Task A619,4,days,3030,"A448,A204,A276"
A620,Task A620,2,days,6599,"A146,A403,A132"
A621,Task A621,1,days,7749,"A508,A327,A98"
A622,Task A622,8,days,8656,A102
A623,Task A623,1,days,4312,A194
A624,Task A624,7,days,9658,A111
A625,Task A625,5,days,7156,"A569,A394"
A626,Task A626,10,days,6387,"A293,A76"
A627,Task A627,5,days,9298,"A170,A134,A497"
A628,Task A628,10,days,7082,"A78,A235,A372"
A629,Task A629,3,days,5154,"A378,A311,A106"
A630,Task A630,9,days,2220,"A298,A36"
A631,Task A631,4,days,3817,"A257,A333"
A632,Task A632,8,days,7612,"A431,A532,A584"
A633,Task A633,10,days,7340,A338
A634,Task A634,9,days,8988,"A606,A190"
A635,Task A635,5,days,8401,"A249,A111"
A636,Task A636,1,days,5770,A377
A637,Task A637,6,days,2036,A630
A638,Task A638,6,days,6207,"A581,A440,A154"
A639,Task A639,6,days,4068,"A633,A286,A115"
A640,Task A640,1,days,9816,"A59,A393,A189"
A641,Task A641,9,days,8098,"A309,A49,A632"
A642,Task A642,9,days,7103,"A500,A457,A474"
A643,Task A643,3,days,6644,"A167,A44"
A644,Task A644,2,days,5341,A188
A645,Task A645,8,days,6860,A324
A646,Task A646,1,days,5975,"A606,A224,A511"
A647,Task A647,3,days,9356,A632
A648,Task A648,10,days,5136,"A336,A607"
A649,Task A649,6,days,7334,"A95,A361"
A650,Task A650,5,days,4607,"A350,A417,A614"
A651,Task A651,10,days,1390,A618
A652,Task A652,6,days,9772,A359
A653,Task A653,5,days,5954,"A380,A643"
A654,Task A654,3,days,6361,"A373,A61,A269"
A655,Task A655,6,days,6179,A597
A656,Task A656,3,days,6619,"A567,A56,A592"
A657,Task A657,2,days,3031,A526
A658,Task A658,9,days,1799,"A64,A124"
A659,Task A659,1,days,1328,"A513,A59"
A660,Task A660,3,days,5227,A166
A661,Task A661,6,days,2065,A106
A662,Task A662,1,days,3785,A179
A663,Task A663,7,days,7505,"A565,A405,A604"
A664,Task A664,9,days,3787,A559
A665,Task A665,8,days,8614,"A345,A282,A168"
A666,Task A666,1,days,3742,"A31,A456"
A667,Task A667,1,days,3982,"A259,A337,A651"
A668,Task A668,6,days,7210,A562
A669,Task A669,5,days,8321,"A361,A299,A447"
A670,Task A670,9,days,9185,A658
A671,Task A671,7,days,1974,"A60,A231,A605"
A672,Task A672,8,days,2828,A421
A673,Task A673,10,days,4409,"A500,A263"
A674,Task A674,9,days,4242,"A134,A154"
A675,Task A675,4,days,9067,A522
A676,Task A676,2,days,9147,"A80,A495,A658"
A677,Task A677,3,days,8976,A286
A678,Task A678,9,days,9153,"A671,A452,A217"
A679,Task A679,2,days,9982,"A516,A60"
A680,Task A680,8,days,9994,A489
A681,Task A681,9,days,3968,A515
A682,Task A682,6,days,8698,A335
A683,Task A683,6,days,7221,"A601,A344,A90"
A684,Task A684,8,days,8218,A119
A685,Task A685,3,days,2516,"A117,A573"
A686,Task A686,9,days,5359,"A268,A93,A477"
A687,Task A687,3,days,9803,"A160,A52,A42"
A688,Task A688,8,days,4427,"A481,A458,A557"
A689,Task A689,10,days,2807,A244
A690,Task A690,2,days,1123,"A89,A148,A324"
A691,Task A691,3,days,3517,"A264,A674,A644"
A692,Task A692,8,days,3713,"A352,A358"
A693,Task A693,4,days,4107,"A542,A336,A478"
A694,Task A694,7,days,7025,"A582,A673,A102"
A695,Task A695,10,days,6739,"A552,A526,A337"
A696,Task A696,10,days,3318,"A43,A572"
A697,Task A697,5,days,4043,"A552,A58"
A698,Task A698,1,days,1571,A82
A699,Task A699,6,days,5015,A131
A700,Task A700,5,days,3008,"A318,A77"
A701,Task A701,3,days,2207,A213
A702,Task A702,5,days,2857,"A73,A36,A345"
A703,Task A703,4,days,2111,A639
A704,Task A704,5,days,6845,A83
A705,Task A705,3,days,2779,A644
A706,Task A706,10,days,4952,"A608,A63,A618"
A707,Task A707,8,days,3511,"A95,A496,A651"
A708,Task A708,9,days,3556,"A209,A299,A432"
A709,Task A709,7,days,9332,"A105,A140"
A710,Task A710,10,days,7867,A220
A711,Task A711,8,days,5859,"A685,A258"
A712,Task A712,7,days,2860,"A427,A295"
A713,Task A713,6,days,3461,"A21,A311,A183"
A714,Task A714,10,days,8871,A536
A715,Task A715,8,days,9673,A126
A716,Task A716,1,days,9749,"A630,A12,A506"
A717,Task A717,2,days,5707,A84
A718,Task A718,9,days,5956,"A275,A204"
A719,Task A719,6,days,9250,A663
A720,Task A720,5,days,1727,"A579,A46,A428"
A721,Task A721,4,days,1954,"A38,A580"
A722,Task A722,1,days,3054,"A455,A57,A208"
A723,Task A723,2,days,7643,"A225,A478"
A724,Task A724,1,days,5383,"A510,A307,A318"
A725,Task A725,10,days,2517,A679
A726,Task A726,8,days,8077,"A118,A612"
A727,Task A727,4,days,2670,"A629,A411"
A728,Task A728,3,days,2251,A189
A729,Task A729,4,days,4086,A312
A730,Task A730,2,days,9201,A421
A731,Task A731,6,days,6989,A190
A732,Task A732,3,days,8044,"A484,A83"
A733,Task A733,9,days,8032,"A354,A370"
A734,Task A734,8,days,5294,"A419,A370,A544"
A735,Task A735,7,days,4897,A459
A736,Task A736,9,days,9679,"A660,A225"
A737,Task A737,10,days,6616,"A394,A650,A21"
A738,Task A738,7,days,5419,A259
A739,Task A739,2,days,6664,"A188,A299,A88"
A740,Task A740,8,days,5326,"A19,A297,A242"
A741,Task A741,3,days,6600,"A413,A451,A380"
A742,Task A742,9,days,7241,A9
A743,Task A743,2,days,7525,A116
A744,Task A744,9,days,5192,A60
A745,Task A745,10,days,9467,A547
A746,Task A746,4,days,5368,"A204,A464"
A747,Task A747,8,days,7239,"A416,A597"
A748,Task A748,4,days,5052,"A299,A139,A56"
A749,Task A749,5,days,4931,A383
A750,Task A750,3,days,1256,"A636,A61,A488"
A751,Task A751,2,days,3906,A725
A752,Task A752,4,days,1866,"A713,A387"
A753,Task A753,7,days,8543,A436
A754,Task A754,5,days,3500,"A173,A480,A154"
A755,Task A755,6,days,2691,A542
A756,Task A756,5,days,4004,"A715,A651"
A757,Task A757,8,days,4865,"A490,A114"
A758,Task A758,2,days,8515,"A417,A304,A355"
A759,Task A759,4,days,6474,A73
A760,Task A760,10,days,4980,"A461,A154"
A761,Task A761,10,days,5271,A588
A762,Task A762,4,days,6830,"A379,A141"
A763,Task A763,6,days,6997,"A401,A605"
A764,Task A764,5,days,9704,"A728,A660"
A765,Task A765,9,days,3751,A666
A766,Task A766,7,days,7401,"A406,A258"
A767,Task A767,2,days,7083,A743
A768,Task A768,1,days,2127,"A729,A1,A453"
A769,Task A769,9,days,1251,"A223,A630"
A770,Task A770,2,days,3380,"A756,A479"
A771,Task A771,9,days,7875,"A737,A676,A585"
A772,Task A772,4,days,1835,"A674,A625,A290"
A773,Task A773,3,days,8125,A303
A774,Task A774,8,days,7335,"A512,A706,A304"
A775,Task A775,3,days,6075,"A419,A254,A532"
A776,Task A776,7,days,1323,"A318,A688"
A777,Task A777,2,days,9143,"A133,A451"
A778,Task A778,2,days,7428,"A630,A346"
A779,Task A779,6,days,7718,"A228,A423"
A780,Task A780,4,days,5458,"A51,A457"
A781,Task A781,10,days,8034,"A418,A625"
A782,Task A782,5,days,4291,"A161,A186,A274"
A783,Task A783,4,days,1968,A374
A784,Task A784,1,days,4104,"A465,A576"
A785,Task A785,10,days,8946,"A782,A528,A36"
A786,Task A786,10,days,6936,"A136,A738"
A787,Task A787,7,days,7443,"A288,A163"
A788,Task A788,8,days,4628,"A590,A494,A778"
A789,Task A789,7,days,8750,"A625,A731"
A790,Task A790,7,days,5762,A140
A791,Task A791,8,days,4792,"A268,A699,A177"
A792,Task A792,6,days,6589,A519
A793,Task A793,1,days,2727,"A346,A379,A548"
A794,Task A794,1,days,6794,"A224,A613,A764"
A795,Task A795,8,days,3146,A207
A796,Task A796,7,days,3026,A376
A797,Task A797,6,days,5363,A197
A798,Task A798,10,days,1270,A745
A799,Task A799,10,days,6060,"A436,A706"
A800,Task A800,7,days,9671,"A650,A332"
A801,Task A801,8,days,4900,A265
A802,Task A802,3,days,4385,"A798,A109"
A803,Task A803,2,days,9082,"A575,A62,A123"
A804,Task A804,8,days,2743,"A234,A235,A512"
A805,Task A805,3,days,6720,"A184,A61,A610"
A806,Task A806,8,days,4402,"A464,A5"
A807,Task A807,4,days,8083,"A632,A113,A481"
A808,Task A808,2,days,5530,"A745,A639,A276"
A809,Task A809,3,days,5663,A86
A810,Task A810,2,days,4418,"A447,A666"
A811,Task A811,7,days,4114,"A498,A143,A504"
A812,Task A812,10,days,7472,"A32,A72,A409"
A813,Task A813,3,days,2454,"A175,A461,A199"
A814,Task A814,3,days,3902,A658
A815,Task A815,3,days,6131,A482
A816,Task A816,10,days,8408,"A476,A165,A100"
A817,Task A817,2,days,9495,A373
A818,Task A818,6,days,9799,"A401,A717,A561"
A819,Task A819,8,days,9016,"A753,A673"
A820,Task A820,1,days,6787,"A736,A515"
A821,Task A821,1,days,5675,"A273,A45,A283"
A822,Task A822,2,days,7501,"A343,A471,A751"
A823,Task A823,10,days,4716,A38
A824,Task A824,4,days,8115,A17
A825,Task A825,7,days,3928,"A263,A688,A570"
A826,Task A826,7,days,3866,A730
A827,Task A827,9,days,7852,"A153,A534"
A828,Task A828,7,days,6579,"A715,A516"
A829,Task A829,5,days,8338,A153
A830,Task A830,4,days,5195,"A801,A527,A333"
A831,Task A831,3,days,3047,"A633,A24,A187"
A832,Task A832,5,days,4070,"A541,A616"
A833,Task A833,10,days,1716,"A338,A175,A337"
A834,Task A834,3,days,7577,"A289,A189"
A835,Task A835,10,days,1058,"A446,A3,A1"
A836,Task A836,8,days,6654,"A155,A601,A69"
A837,Task A837,9,days,8478,"A478,A531,A654"
A838,Task A838,10,days,4509,A132
A839,Task A839,6,days,1575,"A32,A620,A692"
A840,Task A840,5,days,9909,A162
A841,Task A841,3,days,2660,"A252,A804,A397"
A842,Task A842,8,days,5524,A170
A843,Task A843,10,days,7101,A476
A844,Task A844,10,days,8831,A115
A845,Task A845,2,days,6007,A344
A846,Task A846,3,days,4620,"A570,A213"
A847,Task A847,4,days,5876,A180
A848,Task A848,5,days,3078,"A66,A490,A56"
A849,Task A849,2,days,5181,"A567,A342"
A850,Task A850,8,days,4377,"A842,A321,A722"
A851,Task A851,9,days,5756,"A36,A289"
A852,Task A852,3,days,8801,"A327,A427,A168"
A853,Task A853,5,days,2116,A760
A854,Task A854,6,days,6780,"A14,A647,A184"
A855,Task A855,5,days,5107,"A255,A715"
A856,Task A856,7,days,7208,A844
A857,Task A857,8,days,3018,"A127,A247,A198"
A858,Task A858,4,days,8041,"A326,A763"
A859,Task A859,7,days,7578,"A507,A73"
A860,Task A860,4,days,8106,A64
A861,Task A861,10,days,1679,A413
A862,Task A862,1,days,4920,"A707,A184"
A863,Task A863,2,days,2047,A658
A864,Task A864,4,days,2373,A178
A865,Task A865,4,days,7840,A9
A866,Task A866,2,days,9481,A669
A867,Task A867,6,days,7560,"A763,A463,A312"
A868,Task A868,9,days,9659,A678
A869,Task A869,3,days,3421,"A10,A787,A56"
A870,Task A870,7,days,6488,"A265,A87,A751"
A871,Task A871,7,days,2271,"A658,A251"
A872,Task A872,2,days,2341,"A169,A341,A256"
A873,Task A873,5,days,5226,A473
A874,Task A874,3,days,8739,"A552,A722"
A875,Task A875,5,days,6736,A511
A876,Task A876,4,days,3534,"A21,A61,A151"
A877,Task A877,4,days,3082,A799
A878,Task A878,10,days,4165,"A58,A532,A186"
A879,Task A879,7,days,3251,"A84,A411,A313"
A880,Task A880,9,days,6983,A864
A881,Task A881,8,days,6438,"A696,A373,A496"
A882,Task A882,8,days,9969,"A324,A239,A378"
A883,Task A883,9,days,9075,A469
A884,Task A884,7,days,4508,"A37,A385"
A885,Task A885,2,days,8781,A701
A886,Task A886,6,days,4890,"A763,A489,A719"
A887,Task A887,2,days,1332,"A769,A644,A337"
A888,Task A888,4,days,2483,"A317,A193,A108"
A889,Task A889,3,days,1456,A834
A890,Task A890,9,days,5411,A237
A891,Task A891,6,days,1149,"A868,A493"
A892,Task A892,2,days,8491,A764
A893,Task A893,6,days,4509,"A592,A686,A831"
A894,Task A894,3,days,5131,A682
A895,Task A895,6,days,6652,"A409,A210,A746"
A896,Task A896,2,days,6518,A476
A897,Task A897,8,days,5005,"A91,A306"
A898,Task A898,3,days,5117,"A679,A506"
A899,Task A899,10,days,5516,A777
A900,Task A900,8,days,5184,"A604,A455,A407"
A901,Task A901,2,days,2483,"A622,A547"
A902,Task A902,5,days,5137,"A777,A309,A319"
A903,Task A903,2,days,7550,"A642,A79"
A904,Task A904,5,days,6726,"A290,A347,A689"
A905,Task A905,3,days,2987,"A126,A20,A270"
A906,Task A906,5,days,6328,"A488,A103,A309"
A907,Task A907,1,days,5187,"A325,A223,A857"
A908,Task A908,8,days,5953,A422
A909,Task A909,9,days,4902,A379
A910,Task A910,3,days,6197,"A478,A476,A583"
A911,Task A911,4,days,8204,A858
A912,Task A912,9,days,7592,A893
A913,Task A913,6,days,6165,"A539,A835"
A914,Task A914,7,days,2981,"A495,A236"
A915,Task A915,10,days,7885,A28
A916,Task A916,7,days,1509,"A383,A915"
A917,Task A917,7,days,6845,A394
A918,Task A918,2,days,4070,A119
A919,Task A919,1,days,2964,"A50,A103,A749"
A920,Task A920,10,days,4703,A806
A921,Task A921,7,days,1510,"A850,A650,A504"
A922,Task A922,4,days,7901,"A649,A106,A888"
A923,Task A923,6,days,7493,A66
A924,Task A924,7,days,6972,"A233,A301"
A925,Task A925,2,days,7791,A865
A926,Task A926,10,days,1253,"A306,A187"
A927,Task A927,6,days,4926,"A110,A601,A562"
A928,Task A928,2,days,6026,A729
A929,Task A929,10,days,6905,A92
A930,Task A930,9,days,6693,"A380,A487,A197"
A931,Task A931,1,days,4528,A857
A932,Task A932,3,days,2306,"A429,A224"
A933,Task A933,1,days,9331,"A699,A443"
A934,Task A934,10,days,3650,A19
A935,Task A935,2,days,4728,A239
A936,Task A936,1,days,1259,"A148,A365,A669"
A937,Task A937,5,days,1107,A105
A938,Task A938,5,days,2048,A31
A939,Task A939,6,days,3374,"A651,A885,A377"
A940,Task A940,3,days,1410,"A618,A865"
A941,Task A941,3,days,9671,A49
A942,Task A942,3,days,1112,"A799,A834,A110"
A943,Task A943,6,days,8158,"A228,A406"
A944,Task A944,1,days,7755,"A116,A22,A820"
A945,Task A945,8,days,3891,A660
A946,Task A946,3,days,9606,"A109,A155,A55"
A947,Task A947,2,days,2576,"A655,A520,A391"
A948,Task A948,6,days,5885,"A708,A792,A443"
A949,Task A949,4,days,6312,A634
A950,Task A950,9,days,1582,"A42,A240"
A951,Task A951,8,days,3608,"A827,A252,A94"
A952,Task A952,10,days,4429,"A389,A128"
A953,Task A953,3,days,5101,"A952,A730"
A954,Task A954,3,days,5012,"A174,A196"
A955,Task A955,7,days,1578,"A920,A706"
A956,Task A956,6,days,1397,A562
A957,Task A957,1,days,8619,"A145,A761,A885"
A958,Task A958,6,days,1021,"A582,A302"
A959,Task A959,7,days,7813,"A158,A181,A234"
A960,Task A960,8,days,3748,"A458,A23,A443"
A961,Task A961,1,days,2725,A26
A962,Task A962,3,days,1414,"A452,A215,A565"
A963,Task A963,9,days,5120,A605
A964,Task A964,10,days,8399,A543
A965,Task A965,2,days,9809,"A244,A904,A293"
A966,Task A966,6,days,6479,A257
A967,Task A967,9,days,1674,A202
A968,Task A968,9,days,7406,"A640,A293"
A969,Task A969,9,days,7702,"A184,A887,A237"
A970,Task A970,9,days,7812,A749
A971,Task A971,4,days,2746,"A382,A917"
A972,Task A972,7,days,1989,"A156,A742"
A973,Task A973,10,days,7736,"A550,A940"
A974,Task A974,10,days,9702,A905
A975,Task A975,5,days,6722,"A411,A732,A779"
A976,Task A976,6,days,2736,"A905,A686"
A977,Task A977,8,days,1634,"A178,A99"
A978,Task A978,5,days,2260,A216
A979,Task A979,4,days,6466,"A176,A270,A954"
A980,Task A980,1,days,7727,"A26,A618,A34"
A981,Task A981,1,days,2886,"A119,A134,A474"
A982,Task A982,7,days,8509,"A616,A625,A62"
A983,Task A983,6,days,9351,A373
A984,Task A984,5,days,8848,A15
A985,Task A985,2,days,2363,A692
A986,Task A986,5,days,6238,"A762,A80"
A987,Task A987,2,days,7947,"A933,A407,A472"
A988,Task A988,1,days,6153,"A802,A833,A150"
A989,Task A989,3,days,4664,A495
A990,Task A990,9,days,3989,"A155,A611,A66"
A991,Task A991,9,days,4117,"A215,A265"
A992,Task A992,6,days,2385,"A183,A915,A761"
A993,Task A993,6,days,4152,A284
A994,Task A994,1,days,1767,A436
A995,Task A995,1,days,1823,A547
A996,Task A996,3,days,5778,A23
A997,Task A997,6,days,5244,"A177,A518"
A998,Task A998,9,days,7685,A278
A999,Task A999,5,days,2342,"A114,A582"
A1000,End project,0,days,0,A999