<?xml version="1.0" encoding="UTF-8"?>
<procurement_list>
	<supplier id="12345">
		<part_list>
			<part id="PN18544C21">
				<offer_list>
					<offer>
						<start_date>2023/10/01</start_date>
						<end_date>NULL</end_date>
						<min_quantity>20</min_quantity>
						<price>1.25</price>
					</offer>
				</offer_list>
			</part>
			<part id="PN18324C54">
				<offer_list>
					<offer>
						<start_date>2023/10/01</start_date>
						<end_date>2024/02/29</end_date>
						<min_quantity>10</min_quantity>
						<price>1.70</price>
					</offer>
					<offer>
						<start_date>2024/04/01</start_date>
						<end_date>NULL</end_date>
						<min_quantity>16</min_quantity>
						<price>1.80</price>
					</offer>
				</offer_list>
			</part>
			<part id="PN18324C51">
				<offer_list>
					<offer>
						<start_date>2023/07/01</start_date>
						<end_date>2024/03/31</end_date>
						<min_quantity>30</min_quantity>
						<price>1.90</price>
					</offer>
					<offer>
						<start_date>2024/04/01</start_date>
						<end_date>NULL</end_date>
						<min_quantity>20</min_quantity>
						<price>1.90</price>
					</offer>
				</offer_list>
			</part>
		</part_list>
	</supplier>
	<supplier id="12298">
		<part_list>
			<part id="PN18544C21">
				<offer_list>
					<offer>
						<start_date>2023/09/01</start_date>
						<end_date>NULL</end_date>
						<min_quantity>10</min_quantity>
						<price>1.35</price>
					</offer>
				</offer_list>
			</part>
			<part id="PN18324C54">
				<offer_list>
					<offer>
						<start_date>2023/08/01</start_date>
						<end_date>2024/01/29</end_date>
						<min_quantity>10</min_quantity>
						<price>1.80</price>
					</offer>
					<offer>
						<start_date>2024/02/15</start_date>
						<end_date>NULL</end_date>
						<min_quantity>20</min_quantity>
						<price>1.75</price>
					</offer>
				</offer_list>
			</part>
			<part id="PN18324C51">
				<offer_list>
					<offer>
						<start_date>2023/08/01</start_date>
						<end_date>2024/05/31</end_date>
						<min_quantity>40</min_quantity>
						<price>1.80</price>
					</offer>
				</offer_list>
			</part>
			<part id="PN12344A21">
				<offer_list>
					<offer>
						<start_date>2023/07/01</start_date>
						<end_date>NULL</end_date>
						<min_quantity>200</min_quantity>
						<price>0.65</price>
					</offer>
				</offer_list>
			</part>
		</part_list>
	</supplier>
</procurement_list>

