[
    {
        "titulo": "Como adquiro MB WAY?",
        "resposta":[
            "Dirija-se a um Multibanco",
            "Selecione a opção MB WAY",
            "Introduza o seu número de telemóvel",
            "Defina um PIN de 6 dígitos",
            "Faça o download da aplicação MB WAY",
            "Insira o número de telemóvel que introduziu no Multibanco",
            "Insira o seu PIN MB WAY (PIN de 6 dígitos)",
            "Introduza o código de activação que recebeu por SMS"
        ]
    },
    {
        "titulo": "Como posso permitir que me enviem item?",
        "resposta": [
            "Coloca o teu inventário a público",
            "Coloca um trade link válido",
            "Coloca o teu número de telemóvel que tem MB WAY"
        ]
    },
    {
        "titulo": "Como posso comprar o item?",
        "resposta": [
            "Via MB Way"
        ]
    },
    {
        "titulo": "Como funciona o sistema de pagamento?",
        "resposta": [
            "O comprador escolhe o item que quer",
            "O comprador envia o dinheiro ao Administrador responsável",
            "O administrador responsável envia um email de aviso ao vendedor",
            "O vendedor envia o item",
            "O comprador confirma se a recebeu",
            "O administrador envia o dinheiro para o vendedor"
        ]
    }
]