<?xml version="1.0" encoding="UTF-8"?>
<project xmlns="http://maven.apache.org/POM/4.0.0" xmlns:xsi="http://www.w3.org/2001/XMLSchema-instance" xsi:schemaLocation="http://maven.apache.org/POM/4.0.0 http://maven.apache.org/maven-v4_0_0.xsd">
  <parent>
    <artifactId>shodrone</artifactId>
    <groupId>lapr4</groupId>
    <version>0.1.0</version>
  </parent>
  <modelVersion>4.0.0</modelVersion>
  <groupId>lapr4</groupId>
  <artifactId>shodrone.daemon.customer</artifactId>
  <name>shodrone.daemon.customer</name>
  <build>
    <plugins>
      <plugin>
        <artifactId>maven-jar-plugin</artifactId>
        <version>3.2.2</version>
        <configuration>
          <archive>
            <manifest>
              <mainClass>lapr4.shodrone.daemon.customer.ShodroneCustomerDaemon</mainClass>
            </manifest>
          </archive>
        </configuration>
      </plugin>
    </plugins>
  </build>
  <dependencies>
    <dependency>
      <groupId>org.hamcrest</groupId>
      <artifactId>hamcrest-core</artifactId>
      <version>1.3</version>
      <scope>test</scope>
    </dependency>
    <dependency>
      <groupId>junit</groupId>
      <artifactId>junit</artifactId>
      <version>4.13.1</version>
      <scope>test</scope>
    </dependency>
    <dependency>
      <groupId>org.springframework</groupId>
      <artifactId>spring-test</artifactId>
      <version>6.1.4</version>
      <scope>test</scope>
    </dependency>
    <dependency>
      <groupId>org.junit.jupiter</groupId>
      <artifactId>junit-jupiter-api</artifactId>
      <version>5.10.1</version>
      <scope>test</scope>
      <exclusions>
        <exclusion>
          <artifactId>opentest4j</artifactId>
          <groupId>org.opentest4j</groupId>
        </exclusion>
        <exclusion>
          <artifactId>junit-platform-commons</artifactId>
          <groupId>org.junit.platform</groupId>
        </exclusion>
        <exclusion>
          <artifactId>apiguardian-api</artifactId>
          <groupId>org.apiguardian</groupId>
        </exclusion>
      </exclusions>
    </dependency>
    <dependency>
      <groupId>org.junit.jupiter</groupId>
      <artifactId>junit-jupiter-params</artifactId>
      <version>5.10.1</version>
      <scope>test</scope>
      <exclusions>
        <exclusion>
          <artifactId>apiguardian-api</artifactId>
          <groupId>org.apiguardian</groupId>
        </exclusion>
      </exclusions>
    </dependency>
    <dependency>
      <groupId>org.projectlombok</groupId>
      <artifactId>lombok</artifactId>
      <version>1.18.30</version>
      <scope>provided</scope>
    </dependency>
    <dependency>
      <groupId>org.junit.jupiter</groupId>
      <artifactId>junit-jupiter</artifactId>
      <version>5.10.1</version>
      <scope>test</scope>
      <exclusions>
        <exclusion>
          <artifactId>junit-jupiter-engine</artifactId>
          <groupId>org.junit.jupiter</groupId>
        </exclusion>
      </exclusions>
    </dependency>
    <dependency>
      <groupId>org.mockito</groupId>
      <artifactId>mockito-junit-jupiter</artifactId>
      <version>5.18.0</version>
      <scope>test</scope>
    </dependency>
    <dependency>
      <groupId>org.mockito</groupId>
      <artifactId>mockito-core</artifactId>
      <version>5.18.0</version>
      <scope>test</scope>
      <exclusions>
        <exclusion>
          <artifactId>objenesis</artifactId>
          <groupId>org.objenesis</groupId>
        </exclusion>
      </exclusions>
    </dependency>
  </dependencies>
  <properties>
    <maven.compiler.target>21</maven.compiler.target>
    <maven.compiler.source>21</maven.compiler.source>
    <project.build.sourceEncoding>UTF-8</project.build.sourceEncoding>
    <project.reporting.outputEncoding>UTF-8</project.reporting.outputEncoding>
  </properties>
</project>
